Check,WP,Text,Result,Date,Notes
1,W1-6,Real GST and ITR sessions in Firefox: the HUD/SGT sees the portal (URL read) and captures the same fields as the same pages in Chrome,Not run,2026-10-04 15:08,
2,W1-8,"Admin PC: Manage Services, add a service with a non-GST/ITR login link (e.g. EPF), confirm the domain prompt, open that portal in Chrome and check SGT/VSDC now reads it; delete the service and check capture stops there; also edit a link to a shared sign-in site listed in never_register and check the 'not registered' message",Not run,2026-10-04 15:43,
3,W4-1,"Real Chrome, Edge and Firefox on a GST page: sdis_capture gets one record per changed page with the right browser; SGT capture behaves as before",Not run,2026-10-04 18:13,
4,W4-2,Two real office PCs: a staff PC's sdis_capture files arrive on the admin PC and are deleted on the staff PC only after arriving,Not run,2026-10-04 18:19,
5,W4-3,"Find datapoints on the admin PC: the loading dialog shows progress, Sera stays responsive behind it, Cancel stops mining at once and the next run continues",Not run,2026-10-04 18:24,
6,W4-4,"Two real PCs in live sync: register a Profile builder field on one (W4-5 dialog or db.add_sdis_field), check the other PC's ~/AmanAssociates_Sera/sdis_fields.json appears after a sync round and SGT logs one more profile spec; rename and retire also reach it",Not run,2026-10-05 01:09,
7,W4-6,"Two PCs: put the containers document and add/rename an sdis_mcl field on one PC; after sync the other PC's <Sera data>/sdis_containers.json matches (same version) and both sdis_fields.json notes show the new label. Edit on both PCs at once: one sdis_config row (fixed gid) survives, never two.",Not run,2026-10-05 01:22,
8,W4-5,"Admin PC: Tracker dump -> Tools -> Distill...: Find datapoints shows the loading dialog and locks the app; Cancel works; rename a label, register a datapoint, and see it captured on another PC after sync",Not run,2026-10-05 01:41,
9,W4-7,"Write levels and a 4-field dataset container into the containers file; on a portal, capture its fields one by one and see the tracker row climb the levels you wrote",Not run,2026-10-05 02:05,
10,W5-R,"After merging into main: the tracker list (slim rows from client_raw_container_light) with a session that wrote only an SGT_sdis_info carrier row - total captures does not rise, no filing appears, and the container inspector and client detail still show the PORTAL VALUES",Not run,2026-10-05 02:24,
11,W5-R,"Frozen installer build of the merge: core/sdis/sdis_containers.json is shipped (no 'refused' line at start-up), and Find datapoints starts the exe with --sdis-mine and gets progress through the pipe",Not run,2026-10-05 02:24,
