WP,Question,Choice,By,Why,Date
W1-1,"SGT-I budget, hang limit and what trips it","2.0 s per page for all components, hung = still running 15 s (checked when the Core hands over the next page); any component exception, overrun, hang or non-JSON/over-4KB enrichment trips ALL of SGT-I off for the run; re-enabling does not reset",agent,"Blueprint 14.2 rule 5 read literally; cheapest safe guard, Python threads cannot be killed",2026-09-27 19:25
W1-1,Advisory and enrichment channel shape,"ask_more_reads: max 3 outstanding per session, each expires after 60 s, consumed only when the Core's change gate would have skipped the read; enrichment keyed session -> component, merged into raw_payload['sgt_i'] at row dispatch (best effort, async) and dropped when SGT-I is off/tripped; queue holds 8 pages, oldest dropped",agent,"Rule 3 (more reads only, bounded) and rule 4 (own key only); Off leaves rows byte-identical",2026-09-27 19:26
W2-1,Which UIA tree view should the cached node read use?,Control view (UIA default TreeFilter),agent,Its lines are identical to read_page_text on all 3 test pages and it is fastest (heavy 530 ms vs raw 767 ms); raw view adds ~2x nodes and different lines.,2026-09-27 19:48
W2-2,"Where do the zone words (help/FAQ, stepper) live?","Generic UI words as DEFAULT_VOCAB in page_map.py, overridable via a vocab argument; no portal wording in code",agent,They are portal-neutral UI words; portal-specific wording can be passed from config by the step-2 component without changing page_map,2026-09-27 19:56
W2-2,"How is a stepper told apart from a tab bar or a row of labels, and how is the current step known?",Row of >=3 short labels that are numbered or inside a container named like a stepper; current = the selected step (uia_nodes now caches SelectionItem.IsSelected for TabItems too),agent,Tab bars and form column labels must not become steppers; selection is already in the cache request so it costs nothing extra; without it step state stays unknown rather than guessed,2026-09-27 19:56
W2-3,Build the equivalence check as a real side-by-side (fake UIA layer feeding both readers) or as hand-written expected-output tests like W2-1's?,"Real side-by-side: one FakeElement tree implements both the live pattern API and the cached-property API, fed into the actual vsdc_uia_text._collect_descendant_lines and uia_nodes.lines_from_nodes",agent,"hand-written expectations (W2-1's test_sgt_i_uia_nodes.py) only prove lines_from_nodes matches what a human expects, not that it matches the Core's real function; a shared fixture tree makes any future edit to either reader show up as a real diff, which is what the 14.2 gate is for",2026-09-27 20:04
W2-4,Where does the extra node read for corpus v2 happen?,"Synchronous, in SgtShadow._observe on the Core thread, gated on recorder.enabled and sgt_i.active; injectable via a new read_nodes= constructor param (default: core.sgt_i.uia_nodes.read_page_nodes), so tests and replay never touch real UIA",agent,"One JSONL record needs lines+nodes together; a separate async write from SGT-I's own thread would need to merge into an already-written line, which is much more complex for no gain since read_page_nodes already bounds itself to a few hundred ms (W2-1 bench) and has its own 3s timeout, same as the existing lines read",2026-09-27 20:13
W4-2,"Which mod-11 check-digit scheme, and how to bound multiple testing?","ISBN-10-style mod-11 (weights n..1, no X digit); checksum p-values Bonferroni-corrected by the 4 schemes tried; containment/order/sum relations reuse shapes.py's rule-of-three bound, corrected by the number of candidate offsets/directions tried",agent,"blueprint names mod-11 as a known scheme but not an exact weighting; ISBN-10's is the most standard. Bonferroni keeps the multi-scheme test from manufacturing false discoveries, matching the WP's explicit ask for a multiple-testing bound",2026-09-28 00:41
W4-3,"When a container's counts fit more than one row of the kind table (e.g. an identifier's values are also technically per-client 'changing'), which row wins?","Priority order template > identifier > profile > dataset > vocabulary; template/profile additionally require >=2 distinct clients or >=2 stable clients (a single client's stability is ambiguous between template and profile, so it stays unclassified until a second client is seen)",agent,"Blueprint's table lists rows narratively, not by precedence; identifier (never repeats, anywhere) is a stronger, more specific claim than dataset (repeats allowed, just changes per client), so it is checked first. Cheapest and most accurate to build without extra machinery.",2026-09-28 00:52
W5-1,"How is mixed text (Welcome, <name>) split into template and client parts without AI, and what names the slot?","Word-level promotion: a word is template when seen at the same page/role/zone/position for >=3 different clients AND >=60% of the page's clients (config template_min_clients, template_share); runs of other words become «generic type», e.g. 'Welcome, «text»'",agent,"Whole-text identity can never learn mixed text; the share test stops a surname shared by 3 of 50 clients being promoted; the atlas cannot know meaning, so the placeholder is the step-2 generic type, not 'name'",2026-09-28 01:02
W5-1,"Where do the hashes the atlas counts with live, given the atlas may sync but hashes must never leave the PC?","Two files per portal: sgt_i/atlas/<portal>.json (public: structure, counts, shapes, dates) and sgt_i/atlas_private/<portal>.json (salted page tokens, word/client counters, url counts); page matching uses the private token hashes so it is stable across promotion",agent,14.5 rules 3 and 7; losing the private file only means pages are re-learnt; the Core never reads either,2026-09-28 01:02
W6-1,"How does the GPS tell a 'starting' and a 'confirmation' page apart, since step 6 (page kinds) is built after step 5?",Purely from the atlas's own transition graph: a page that is never arrived at from another known page (in-degree 0) but leads somewhere is a start; a page that is arrived at but never leads anywhere else (out-degree 0) is a confirmation.,agent,"Build order (14.7) puts step 6 after step 5, so no sentence/page-kind classifier exists yet for the GPS to lean on; source/sink topology over transitions already stored by the atlas (step 4) is the only signal available now and matches 'over atlas transitions' in 14.4 step 5.",2026-09-28 01:35
W6-1,"Should the GPS be wired into core/sgt_i/default_components() now, or left unwired until a live atlas-merge component exists?","Wire it in now (GpsComponent, read-only against the atlas). It costs nothing while the atlas is empty - no page matches, nothing is enriched - and picks up data the moment anything (replay, a future step-4 live component) populates the atlas.",agent,"W1-2's hand-off said the enrichment channel had nothing producing data yet; 14.6's cold-start risk answer says the Core never depends on SGT-I and SGT-I only adds as it learns, so an empty-atlas no-op component is safe by design.",2026-09-28 01:35
W6-1,What exactly counts as an 'odd jump' that closes a route?,"Landing directly on a DIFFERENT route's confirmation page while a route is being tracked. Any other move off the tracked route (a start/dashboard page, or a page in no known route) ends the route quietly, without the odd_jump flag.",agent,"14.4 step 5's own example is exactly this case (a GSTR-1 route jumping into a GSTR-3B confirmation); the guard says the dashboard or a logout ends the route on its own, so only the confirmation-jump case needs a flag rather than a quiet reset.",2026-09-28 01:35
W6-1,"Where does the carried form/period context (the second opinion) come from - the atlas's own template-promoted text, or the session's own earlier draft?","The session's own earlier obs.draft (the Core's own already-captured form/period for this exact session), carried forward in memory only, never persisted. The atlas's cross-client text is never used as context.",agent,14.4 step 5 says a confirmation that leaves out the form/period 'gets them from the route it came along' inside one session; 14.5's guard is 'context flows only... inside one session'. Using the Core's own value (not an SGT-I discovery) also avoids any new privacy exposure - it is the same value already destined for the row.,2026-09-28 01:35
W6-2,"When SGT-I's GPS says the NEXT page is usually the confirmation (e.g. user reaches the Preview page), the Core reads the page on every tick (~0.35 s) instead of only when the screen changes. How long should that last after arriving on the page? Longer = more likely to catch a quick success message if the user reviews the page slowly, but more CPU (a read costs ~30 ms, up to ~0.5 s on huge tables).",30 seconds,user,asked as Q1,2026-09-28 01:39
W6-2,"Read harder: loosen the change gate, or also shorten the worker's tick interval?","Loosen the change gate only (read on every tick for the window); the worker tick (0.35 s, vsdc_worker) is untouched",agent,A 0.35 s tick already catches a sub-second toast once every tick reads; changing the Core's loop timing from SGT-I would widen the contract surface and CPU cost for no capture gain,2026-09-28 01:47
W7-2,"How does the atlas feed page-kind classification, given atlas.py stores no page-level kind today?","classify() takes an optional atlas_hint dict ({""in_degree"": int}) as a last-resort tie-break only (currently: an unvocabbed input-dominant page with in_degree=0 reads as login); never required, never overrides a content signal",agent,cheapest to build: keeps page_kinds.py decoupled/pure and testable without atlas plumbing; a later WP can compute atlas_hint from PortalAtlas.pages/transitions and pass it in,2026-09-28 02:04
W7-2,How to detect 'repeated blocks' (list vs dashboard) when page_map.py has no table?,"group sibling nodes sharing a parent+grandparent with an identical child-role signature, repeated >=3 times; a group's children mostly link/button -> dashboard, mostly edit/text -> list",agent,"reuses atlas.py's own collapsing idea (3 cards and 14 cards are one pattern) at block granularity instead of single elements; pure structural signal, no portal wording needed",2026-09-28 02:04
